Dry_molar_flow_rate,Current_set,Pressure,Pump_stoichiometry,Relative_humidity_H2,Relative_humidity_air,Temperature_air,Temperature_hydrogen,Work_time
0.59,31.86,225.82,0.13,90.06,72.19,302.19,329.4,45.85
0.48,32.47,217.51,0.06,50.83,60.63,333.41,258.25,43.69
0.97,25.45,186.01,0.08,86.85,85.42,300.75,296.35,48.37
0.61,27.86,251.07,0.13,53.62,34.97,260.99,311.49,48.53
0.12,27.36,239.91,0.14,39.82,84.47,331.45,331.46,48.59
0.98,29.47,235.9,0.12,66.43,62.3,323.4,314.25,45.03
0.21,34.41,216.79,0.09,67.62,40.03,338.17,321.43,46.2
0.57,22.12,189.76,0.08,43.04,48.52,322.83,319.47,47.46
0.51,24.33,208.21,0.03,52.69,31.32,308.74,266.62,47
0.65,24.45,214.03,0.06,93.18,96.06,314.51,293.65,46.49
0.7,33.06,220.48,0.03,55.07,44.73,264.75,320.71,46.34
0.69,31.64,170.39,0.07,63.23,62.64,275.15,309.27,48.2
0.24,26.76,153.25,0.1,52.2,75.94,265.59,323.2,51.19
0.28,38.99,184.25,0.1,30.95,87.47,261.89,309.21,48.3
0.85,33.47,151.53,0.15,91.47,98.35,295.33,299.02,48.15
0.98,21.11,212.58,0.07,31.4,81.75,256.68,292.9,50.66
0.39,37.61,189.71,0.14,45.18,34.49,315.47,304.02,45.9
0.61,37.3,171.85,0.08,94.17,66.63,261.6,336.05,46.65
0.62,21.66,251.52,0.05,30.65,52.3,313.22,328.96,47.66
0.22,32.94,225.96,0.13,48.53,50.26,269.64,288.95,49.73
0.63,31.06,142.41,0.03,55.89,88.03,253.57,266.33,49.63
0.71,31.39,172.4,0.11,50.19,81.46,339.75,292.15,40.88
0.32,35.12,209.14,0.07,92.72,71.44,304.65,310.65,45.73
0.3,37.83,254.33,0.11,61.44,61.3,329.33,341.22,43.82
0.73,22.32,175.69,0.12,58.83,86.97,288.84,313.94,49.76
0.89,25,209.75,0.05,97.58,91.72,315.48,306.11,46.2
0.75,33.19,200.16,0.08,46.14,96.93,311.11,288.69,45.3
0.48,32.38,212.77,0.08,62.91,31.34,280.29,317.6,47.02
0.22,22.06,175.79,0.02,54.78,69.9,306.33,302.81,41.85
0.62,20.67,218.38,0.15,52.47,75.65,291.98,273.06,49.71
0.91,22.83,184.11,0.02,98.88,60.51,333.42,276.58,45.63
0.83,30.74,224.47,0.07,36.97,37.02,335.9,284.86,44.45
0.74,29.38,259.86,0.13,93.33,40.46,331.28,256.53,45.29
0.25,30.17,213.87,0.03,84.53,38.67,329.47,330.99,40.92
0.83,28.23,208.29,0.03,32.33,58.5,259.38,341.58,47.45
0.73,27.47,194.43,0.07,33.54,80.54,331.12,286.04,44.05
0.98,20.33,242.7,0.04,83.54,30.82,285.55,338.12,47.36
0.76,35,160.6,0.06,64.27,66.47,258.04,283.66,48.58
0.28,23.59,142.22,0.03,62.44,85.56,273.3,331.86,48.26
0.25,30,214.58,0.02,78.94,70.41,274.56,342.47,55.74
1.64,32.47,217.51,0.06,50.83,60.63,333.41,258.25,44.6
1.03,27.36,239.91,0.14,39.82,84.47,331.45,331.46,43.6
2.47,29.47,235.9,0.12,66.43,62.3,323.4,314.25,45.95
1.18,34.41,216.79,0.09,67.62,40.03,338.17,321.43,43.08
1.68,24.33,208.21,0.03,52.69,31.32,308.74,266.62,49.35
1.92,24.45,214.03,0.06,93.18,96.06,314.51,293.65,47.79
1.47,32.16,183.65,0.06,32.69,69.91,292.62,310.23,48.02
1.29,38.99,184.25,0.1,30.95,87.47,261.89,309.21,47.46
1.85,37.3,171.85,0.08,94.17,66.63,261.6,336.05,46.94
1.86,21.66,251.52,0.05,30.65,52.3,313.22,328.96,47.62
1.2,32.94,225.96,0.13,48.53,50.26,269.64,288.95,47.66
1.37,35.12,209.14,0.07,92.72,71.44,304.65,310.65,45.5
1.33,37.83,254.33,0.11,61.44,61.3,329.33,341.22,42
2.09,33.19,200.16,0.08,46.14,96.93,311.11,288.69,46.83
1.99,25.76,174.81,0.06,82.44,73.26,291.74,332.21,49.07
1.2,22.06,175.79,0.02,54.78,69.9,306.33,302.81,49.5
2.21,30.74,224.47,0.07,36.97,37.02,335.9,284.86,45.97
1.24,30.17,213.87,0.03,84.53,38.67,329.47,330.99,43.71
2.05,27.47,194.43,0.07,33.54,80.54,331.12,286.04,45.73
2.46,20.33,242.7,0.04,83.54,30.82,285.55,338.12,46.4
2.09,35,160.6,0.06,64.27,66.47,258.04,283.66,51.26
1.3,23.59,142.22,0.03,62.44,85.56,273.3,331.86,51.71
1.52,38.88,251.37,0.1,71.77,79.31,256.02,323.68,45.54
1.25,30,214.58,0.02,78.94,70.41,274.56,342.47,37.79
2.1,39.29,177.43,0.09,44.87,57.88,272.04,273.17,48.77
1.28,24.37,253.32,0.09,61.65,81.77,297.29,340.47,46.45
1.34,33.61,170.52,0.02,33.95,34.06,292.25,297.06,48.52
1.99,38.13,171.6,0.03,46.05,31.45,321.4,332.49,46.41
1.94,20,244.72,0.05,59.78,49.15,324.97,332.83,46.39
1.28,33.6,254.33,0.07,63.84,78.12,272.55,324.14,45.95
2.42,24.59,227.7,0.13,51.96,47.78,272.35,339.32,48.88
1.56,32.93,195.63,0.04,43.05,49.43,305.96,325.83,46.09
2.08,34.09,187.53,0.07,88.83,69.58,269.65,271.59,49.52
1.22,23.3,198.57,0.03,80.55,54.89,337.79,255.89,45.84
2.15,34.94,229.84,0.02,45.22,93.26,260.66,320.58,47.85
1.36,33.55,152.04,0.02,68.9,31.15,336.81,253.98,48.99
2,36.66,234.22,0.15,79.24,49.72,305.93,269.5,46.27
1.75,32.47,217.51,0.06,50.83,60.63,333.41,258.25,44.79
2.32,27.86,251.07,0.13,53.62,34.97,260.99,311.49,49.15
0.18,27.36,239.91,0.14,39.82,84.47,331.45,331.46,46.53
0.56,34.41,216.79,0.09,67.62,40.03,338.17,321.43,43.26
2.7,33.06,220.48,0.03,55.07,44.73,264.75,320.71,48.07
1.33,32.16,183.65,0.06,32.69,69.91,292.62,310.23,47.77
0.87,38.99,184.25,0.1,30.95,87.47,261.89,309.21,47.05
1.2,39.59,154.42,0.06,63.66,50.73,263.84,315.13,48.52
1.34,37.61,189.71,0.14,45.18,34.49,315.47,304.02,45.81
2.31,37.3,171.85,0.08,94.17,66.63,261.6,336.05,47.04
2.35,21.66,251.52,0.05,30.65,52.3,313.22,328.96,47.92
0.61,32.94,225.96,0.13,48.53,50.26,269.64,288.95,47.61
1.07,35.12,209.14,0.07,92.72,71.44,304.65,310.65,45.1
0.97,37.83,254.33,0.11,61.44,61.3,329.33,341.22,42.04
2.93,33.19,200.16,0.08,46.14,96.93,311.11,288.69,47.82
1.75,32.38,212.77,0.08,62.91,31.34,280.29,317.6,47.61
2.67,25.76,174.81,0.06,82.44,73.26,291.74,332.21,49.44
0.63,22.06,175.79,0.02,54.78,69.9,306.33,302.81,48.95
2.89,29.38,259.86,0.13,93.33,40.46,331.28,256.53,46.87
0.73,30.17,213.87,0.03,84.53,38.67,329.47,330.99,44.27
3.9,20.33,242.7,0.04,83.54,30.82,285.55,338.12,46.97
0.74,30,214.58,0.02,78.94,70.41,274.56,342.47,35.3
3.74,25.35,213.68,0.11,90.5,67.49,306.24,320.73,48.64
0.83,24.37,253.32,0.09,61.65,81.77,297.29,340.47,46.55
0.99,33.61,170.52,0.02,33.95,34.06,292.25,297.06,48.21
0.2,37.09,148.07,0.11,63.5,77.56,293.98,314.09,49.39
2.69,38.13,171.6,0.03,46.05,31.45,321.4,332.49,47.4
1.35,38.09,186.02,0.1,52.73,71.18,327.94,299.92,43.57
0.82,33.6,254.33,0.07,63.84,78.12,272.55,324.14,46.08
1.56,32.93,195.63,0.04,43.05,49.43,305.96,325.83,46.08
0.66,23.3,198.57,0.03,80.55,54.89,337.79,255.89,43.88
2.25,34.63,210.14,0.02,44.64,97.34,279.44,278.97,49.79
1.04,33.55,152.04,0.02,68.9,31.15,336.81,253.98,48.27
0.35,30.25,198.28,0.09,85.13,98.42,332.04,307.73,42.68
1.42,24.37,255.39,0.07,91.52,46.22,338.59,297.45,45.18
1.24,36.89,241.87,0.04,84.13,73.25,254.34,340.83,44.2
3.31,25.96,162.78,0.07,38.45,65.79,273.34,341.41,51.27
0.48,28.12,243.46,0.09,54.05,98.1,339.63,324.15,41.46
2.93,20.28,141.37,0.08,51.32,83.94,266.38,332.61,54.46
0.41,25.01,150.75,0.1,86.73,77.04,275.23,292.04,50.87
1.74,35.04,206.88,0.13,56.53,90.24,318.58,261.84,45.4
1.15,25.12,155.78,0.09,63.35,33.88,280.29,297.06,51.15
1.21,28.67,185.59,0.13,65.65,42.68,324.12,260.92,47.04
0.32,33.2,223.64,0.04,89.31,84.51,323.12,314.47,46.21
1.11,23.57,184.86,0.02,30.68,71.13,277.7,333.43,50.77
2.35,28.29,255.13,0.03,63.27,75.19,256.33,323.68,47.41
1.78,31.13,201.2,0.03,40.07,67.53,314.48,311.6,46.37
0.83,22.59,248.48,0.09,36.46,68.07,294.27,335.1,47.78
2.55,32.67,187.81,0.14,95.57,34.39,291.31,293.41,49.26
1.11,34.55,241.88,0.11,51.49,32.33,339.46,263.93,43.94
1.66,30.73,251.51,0.11,72.64,36.97,338.23,262.01,44.97
0.61,27.52,141.44,0.08,98.71,38.08,308.81,275.17,49.4
3.9,27.49,258.84,0.02,51.7,58.63,267.82,327.99,49.46
1.93,45.45,186.01,0.08,86.85,85.42,300.75,296.35,45.5
1.18,47.86,251.07,0.13,53.62,34.97,260.99,311.49,44.22
1.96,49.47,235.9,0.12,66.43,62.3,323.4,314.25,41.77
0.32,54.41,216.79,0.09,67.62,40.03,338.17,321.43,41.21
1.09,42.12,189.76,0.08,43.04,48.52,322.83,319.47,43.31
0.97,44.33,208.21,0.03,52.69,31.32,308.74,266.62,43.34
1.26,44.45,214.03,0.06,93.18,96.06,314.51,293.65,42.41
0.78,52.26,192.44,0.14,36.95,78.83,258.57,340.43,43.98
1.37,53.06,220.48,0.03,55.07,44.73,264.75,320.71,42.27
0.7,52.16,183.65,0.06,32.69,69.91,292.62,310.23,42.31
1.98,59.18,152.25,0.1,74.45,44.62,267.67,342.73,43.73
0.4,46.76,153.25,0.1,52.2,75.94,265.59,323.2,47.18
0.47,58.99,184.25,0.1,30.95,87.47,261.89,309.21,44.15
1.69,53.47,151.53,0.15,91.47,98.35,295.33,299.02,45.74
1.96,41.11,212.58,0.07,31.4,81.75,256.68,292.9,47.06
0.64,59.59,154.42,0.06,63.66,50.73,263.84,315.13,43.85
0.7,57.61,189.71,0.14,45.18,34.49,315.47,304.02,42
1.18,57.3,171.85,0.08,94.17,66.63,261.6,336.05,42.75
0.35,52.94,225.96,0.13,48.53,50.26,269.64,288.95,45.47
1.21,51.06,142.41,0.03,55.89,88.03,253.57,266.33,47.12
0.52,57.83,254.33,0.11,61.44,61.3,329.33,341.22,39.31
1.43,42.32,175.69,0.12,58.83,86.97,288.84,313.94,46.25
1.77,45,209.75,0.05,97.58,91.72,315.48,306.11,42.66
1.48,53.19,200.16,0.08,46.14,96.93,311.11,288.69,42.07
0.91,52.38,212.77,0.08,62.91,31.34,280.29,317.6,42.19
1.35,45.76,174.81,0.06,82.44,73.26,291.74,332.21,44.37
0.36,42.06,175.79,0.02,54.78,69.9,306.33,302.81,38.16
1.8,42.83,184.11,0.02,98.88,60.51,333.42,276.58,44.35
1.63,50.74,224.47,0.07,36.97,37.02,335.9,284.86,41.15
1.46,49.38,259.86,0.13,93.33,40.46,331.28,256.53,41.63
0.41,50.17,213.87,0.03,84.53,38.67,329.47,330.99,37.04
1.63,48.23,208.29,0.03,32.33,58.5,259.38,341.58,43.47
1.43,47.47,194.43,0.07,33.54,80.54,331.12,286.04,40.81
1.95,40.33,242.7,0.04,83.54,30.82,285.55,338.12,42.85
1.49,55,160.6,0.06,64.27,66.47,258.04,283.66,45.79
0.48,43.59,142.22,0.03,62.44,85.56,273.3,331.86,47.35
0.76,58.88,251.37,0.1,71.77,79.31,256.02,323.68,41.55
0.41,50,214.58,0.02,78.94,70.41,274.56,342.47,48.05
1.88,45.35,213.68,0.11,90.5,67.49,306.24,320.73,43.5
0.45,44.37,253.32,0.09,61.65,81.77,297.29,340.47,43.6
0.53,53.61,170.52,0.02,33.95,34.06,292.25,297.06,37.19
0.69,57.62,223.56,0.15,73.24,56.44,269.31,301.97,42.99
0.15,57.09,148.07,0.11,63.5,77.56,293.98,314.09,51.13
1.12,52.14,247.6,0.11,62.86,99.32,272.67,294.19,43
1.36,58.13,171.6,0.03,46.05,31.45,321.4,332.49,40.48
0.71,58.09,186.02,0.1,52.73,71.18,327.94,299.92,39.41
1.3,40,244.72,0.05,59.78,49.15,324.97,332.83,41.11
0.45,53.6,254.33,0.07,63.84,78.12,272.55,324.14,42.15
1.9,44.59,227.7,0.13,51.96,47.78,272.35,339.32,44.3
1.08,49.44,143.08,0.11,40.76,44.52,291.37,318.89,46.52
0.81,52.93,195.63,0.04,43.05,49.43,305.96,325.83,41.12
1.74,54.94,154.1,0.1,49.38,66.22,265.04,268.89,46.77
1.46,54.09,187.53,0.07,88.83,69.58,269.65,271.59,44.25
1.55,54.94,229.84,0.02,45.22,93.26,260.66,320.58,39.33
1.15,54.63,210.14,0.02,44.64,97.34,279.44,278.97,36.06
0.56,53.55,152.04,0.02,68.9,31.15,336.81,253.98,36.87
1.37,56.66,234.22,0.15,79.24,49.72,305.93,269.5,41.89
0.22,50.25,198.28,0.09,85.13,98.42,332.04,307.73,42.1
0.74,44.37,255.39,0.07,91.52,46.22,338.59,297.45,40.63
3.1,51.86,225.82,0.13,90.06,72.19,302.19,329.4,42.86
2.85,52.47,217.51,0.06,50.83,60.63,333.41,258.25,42.48
3.93,45.45,186.01,0.08,86.85,85.42,300.75,296.35,47.96
2.04,47.36,239.91,0.14,39.82,84.47,331.45,331.46,40.26
3.96,49.47,235.9,0.12,66.43,62.3,323.4,314.25,43.43
2.91,44.33,208.21,0.03,52.69,31.32,308.74,266.62,46.78
3.22,44.45,214.03,0.06,93.18,96.06,314.51,293.65,45.27
2.72,52.26,192.44,0.14,36.95,78.83,258.57,340.43,45.48
3.33,53.06,220.48,0.03,55.07,44.73,264.75,320.71,44.94
2.63,52.16,183.65,0.06,32.69,69.91,292.62,310.23,45.6
2.39,58.99,184.25,0.1,30.95,87.47,261.89,309.21,45.05
3.95,41.11,212.58,0.07,31.4,81.75,256.68,292.9,49.65
2.57,59.59,154.42,0.06,63.66,50.73,263.84,315.13,47.41
2.64,57.61,189.71,0.14,45.18,34.49,315.47,304.02,43.62
3.17,51.06,142.41,0.03,55.89,88.03,253.57,266.33,52.22
2.5,55.12,209.14,0.07,92.72,71.44,304.65,310.65,42.95
3.76,45,209.75,0.05,97.58,91.72,315.48,306.11,45.33
3.45,53.19,200.16,0.08,46.14,96.93,311.11,288.69,44.75
2.85,52.38,212.77,0.08,62.91,31.34,280.29,317.6,44.8
3.32,45.76,174.81,0.06,82.44,73.26,291.74,332.21,45.62
2.27,42.06,175.79,0.02,54.78,69.9,306.33,302.81,47.71
3.15,40.67,218.38,0.15,52.47,75.65,291.98,273.06,47.49
3.79,42.83,184.11,0.02,98.88,60.51,333.42,276.58,47.4
3.61,50.74,224.47,0.07,36.97,37.02,335.9,284.86,43.7
2.32,50.17,213.87,0.03,84.53,38.67,329.47,330.99,40.83
3.61,48.23,208.29,0.03,32.33,58.5,259.38,341.58,46.45
3.39,47.47,194.43,0.07,33.54,80.54,331.12,286.04,43.62
2.4,43.59,142.22,0.03,62.44,85.56,273.3,331.86,49.88
3.87,45.35,213.68,0.11,90.5,67.49,306.24,320.73,45.28
3.46,59.29,177.43,0.09,44.87,57.88,272.04,273.17,47.23
2.37,44.37,253.32,0.09,61.65,81.77,297.29,340.47,43.01
2.62,57.62,223.56,0.15,73.24,56.44,269.31,301.97,44.14
3.07,52.14,247.6,0.11,62.86,99.32,272.67,294.19,44.91
3.33,58.13,171.6,0.03,46.05,31.45,321.4,332.49,44.49
2.64,58.09,186.02,0.1,52.73,71.18,327.94,299.92,41.7
3.89,44.59,227.7,0.13,51.96,47.78,272.35,339.32,45.66
2.75,52.93,195.63,0.04,43.05,49.43,305.96,325.83,43.61
3.43,54.09,187.53,0.07,88.83,69.58,269.65,271.59,47.7
3.53,54.94,229.84,0.02,45.22,93.26,260.66,320.58,45.04
3.1,54.63,210.14,0.02,44.64,97.34,279.44,278.97,46.17
2.48,53.55,152.04,0.02,68.9,31.15,336.81,253.98,48.11
3.34,56.66,234.22,0.15,79.24,49.72,305.93,269.5,43.95
2.13,50.25,198.28,0.09,85.13,98.42,332.04,307.73,39.74
2.68,44.37,255.39,0.07,91.52,46.22,338.59,297.45,42.25
3.88,54.31,235.9,0.08,79.6,74.13,331.84,297.98,41.79
2.69,57.25,157.78,0.12,98.95,98.73,296.2,320.97,45.1
3.64,45.96,162.78,0.07,38.45,65.79,273.34,341.41,48.23
2.2,48.12,243.46,0.09,54.05,98.1,339.63,324.15,37.87
3.81,48.23,232.89,0.06,57.96,53.32,260.45,280.31,47.63
2.81,55.5,167.87,0.14,52.77,39.27,257.96,338.91,45.89
2.16,45.01,150.75,0.1,86.73,77.04,275.23,292.04,49.14
2.84,55.04,206.88,0.13,56.53,90.24,318.58,261.84,43.15
2.54,45.12,155.78,0.09,63.35,33.88,280.29,297.06,49.2
2.86,51.13,201.2,0.03,40.07,67.53,314.48,311.6,43.95
2.37,42.59,248.48,0.09,36.46,68.07,294.27,335.1,44.24
3.81,48.53,222.8,0.08,70.61,78.97,282.64,317.61,45.77
3.72,51.16,194.87,0.02,73.52,96.63,304.97,330.82,43.24
3.64,43.15,249.06,0.15,35.95,87.09,267.5,261.65,47.96
1.27,71.86,225.82,0.13,90.06,72.19,302.19,329.4,37.98
1.21,72.47,217.51,0.06,50.83,60.63,333.41,258.25,35.97
1.28,67.86,251.07,0.13,53.62,34.97,260.99,311.49,40.32
1.01,67.36,239.91,0.14,39.82,84.47,331.45,331.46,36.68
1.06,74.41,216.79,0.09,67.62,40.03,338.17,321.43,35.85
1.26,62.12,189.76,0.08,43.04,48.52,322.83,319.47,39.72
1.23,64.33,208.21,0.03,52.69,31.32,308.74,266.62,37.96
1.31,64.45,214.03,0.06,93.18,96.06,314.51,293.65,38.48
1.49,79.18,152.25,0.1,74.45,44.62,267.67,342.73,40.55
1.08,66.76,153.25,0.1,52.2,75.94,265.59,323.2,43.64
1.42,73.47,151.53,0.15,91.47,98.35,295.33,299.02,42.26
1.16,77.61,189.71,0.14,45.18,34.49,315.47,304.02,38.74
1.29,61.66,251.52,0.05,30.65,52.3,313.22,328.96,38.26
1.07,72.94,225.96,0.13,48.53,50.26,269.64,288.95,39.91
1.29,71.06,142.41,0.03,55.89,88.03,253.57,266.33,43.85
1.35,62.32,175.69,0.12,58.83,86.97,288.84,313.94,42.51
1.33,65.76,174.81,0.06,82.44,73.26,291.74,332.21,40.36
1.07,62.06,175.79,0.02,54.78,69.9,306.33,302.81,37.81
1.29,60.67,218.38,0.15,52.47,75.65,291.98,273.06,41.78
1.36,69.38,259.86,0.13,93.33,40.46,331.28,256.53,37.84
1.08,70.17,213.87,0.03,84.53,38.67,329.47,330.99,32.8
1.4,68.23,208.29,0.03,32.33,58.5,259.38,341.58,37
1.49,60.33,242.7,0.04,83.54,30.82,285.55,338.12,38.24
1.36,75,160.6,0.06,64.27,66.47,258.04,283.66,41.99
1.1,63.59,142.22,0.03,62.44,85.56,273.3,331.86,43.9
1.17,78.88,251.37,0.1,71.77,79.31,256.02,323.68,37.39
1.08,70,214.58,0.02,78.94,70.41,274.56,342.47,41.43
1.37,79.29,177.43,0.09,44.87,57.88,272.04,273.17,40.29
1.01,77.09,148.07,0.11,63.5,77.56,293.98,314.09,41.6
1.27,72.14,247.6,0.11,62.86,99.32,272.67,294.19,39.17
1.71,72.47,217.51,0.06,50.83,60.63,333.41,258.25,36.77
1.98,65.45,186.01,0.08,86.85,85.42,300.75,296.35,41.76
1.51,67.36,239.91,0.14,39.82,84.47,331.45,331.46,36.4
1.99,69.47,235.9,0.12,66.43,62.3,323.4,314.25,38.2
1.56,74.41,216.79,0.09,67.62,40.03,338.17,321.43,35.92
1.73,64.33,208.21,0.03,52.69,31.32,308.74,266.62,39.97
1.68,72.26,192.44,0.14,36.95,78.83,258.57,340.43,40.87
1.83,73.06,220.48,0.03,55.07,44.73,264.75,320.71,38.17
1.66,72.16,183.65,0.06,32.69,69.91,292.62,310.23,39.99
1.83,71.64,170.39,0.07,63.23,62.64,275.15,309.27,42.24
1.58,66.76,153.25,0.1,52.2,75.94,265.59,323.2,44.35
1.6,78.99,184.25,0.1,30.95,87.47,261.89,309.21,40.47
1.99,61.11,212.58,0.07,31.4,81.75,256.68,292.9,42.89
1.66,77.61,189.71,0.14,45.18,34.49,315.47,304.02,39.08
1.78,77.3,171.85,0.08,94.17,66.63,261.6,336.05,39.75
1.79,61.66,251.52,0.05,30.65,52.3,313.22,328.96,38.49
1.57,72.94,225.96,0.13,48.53,50.26,269.64,288.95,40.08
1.79,71.06,142.41,0.03,55.89,88.03,253.57,266.33,44.99
1.62,75.12,209.14,0.07,92.72,71.44,304.65,310.65,37.66
1.61,77.83,254.33,0.11,61.44,61.3,329.33,341.22,34.23
1.94,65,209.75,0.05,97.58,91.72,315.48,306.11,38.86
1.86,73.19,200.16,0.08,46.14,96.93,311.11,288.69,39.06
1.71,72.38,212.77,0.08,62.91,31.34,280.29,317.6,39.34
1.95,62.83,184.11,0.02,98.88,60.51,333.42,276.58,40.03
1.9,70.74,224.47,0.07,36.97,37.02,335.9,284.86,37.77
1.9,68.23,208.29,0.03,32.33,58.5,259.38,341.58,38.55
1.85,67.47,194.43,0.07,33.54,80.54,331.12,286.04,37.87
1.6,63.59,142.22,0.03,62.44,85.56,273.3,331.86,45.52
1.97,65.35,213.68,0.11,90.5,67.49,306.24,320.73,39.91
1.87,79.29,177.43,0.09,44.87,57.88,272.04,273.17,41.03
2.27,71.86,225.82,0.13,90.06,72.19,302.19,329.4,38.81
2.48,65.45,186.01,0.08,86.85,85.42,300.75,296.35,42.62
2.49,69.47,235.9,0.12,66.43,62.3,323.4,314.25,38.71
2.06,74.41,216.79,0.09,67.62,40.03,338.17,321.43,36.46
2.26,62.12,189.76,0.08,43.04,48.52,322.83,319.47,41.25
2.23,64.33,208.21,0.03,52.69,31.32,308.74,266.62,41.26
2.31,64.45,214.03,0.06,93.18,96.06,314.51,293.65,40.2
2.18,72.26,192.44,0.14,36.95,78.83,258.57,340.43,41.32
2.33,73.06,220.48,0.03,55.07,44.73,264.75,320.71,39.48
2.16,72.16,183.65,0.06,32.69,69.91,292.62,310.23,40.91
2.49,79.18,152.25,0.1,74.45,44.62,267.67,342.73,41.03
2.33,71.64,170.39,0.07,63.23,62.64,275.15,309.27,43.23
2.08,66.76,153.25,0.1,52.2,75.94,265.59,323.2,45.14
2.1,78.99,184.25,0.1,30.95,87.47,261.89,309.21,41.17
2.49,61.11,212.58,0.07,31.4,81.75,256.68,292.9,43.69
2.16,77.61,189.71,0.14,45.18,34.49,315.47,304.02,39.69
2.27,71.86,225.82,0.13,90.06,72.19,302.19,329.4,38.81
2.48,65.45,186.01,0.08,86.85,85.42,300.75,296.35,42.62
2.49,69.47,235.9,0.12,66.43,62.3,323.4,314.25,38.71
2.06,74.41,216.79,0.09,67.62,40.03,338.17,321.43,36.46
2.26,62.12,189.76,0.08,43.04,48.52,322.83,319.47,41.25
2.23,64.33,208.21,0.03,52.69,31.32,308.74,266.62,41.26
2.31,64.45,214.03,0.06,93.18,96.06,314.51,293.65,40.2
2.18,72.26,192.44,0.14,36.95,78.83,258.57,340.43,41.32
2.33,73.06,220.48,0.03,55.07,44.73,264.75,320.71,39.48
2.16,72.16,183.65,0.06,32.69,69.91,292.62,310.23,40.91
2.49,79.18,152.25,0.1,74.45,44.62,267.67,342.73,41.03
2.33,71.64,170.39,0.07,63.23,62.64,275.15,309.27,43.23
2.08,66.76,153.25,0.1,52.2,75.94,265.59,323.2,45.14
2.1,78.99,184.25,0.1,30.95,87.47,261.89,309.21,41.17
2.49,61.11,212.58,0.07,31.4,81.75,256.68,292.9,43.69
2.16,77.61,189.71,0.14,45.18,34.49,315.47,304.02,39.69
3.27,71.86,225.82,0.13,90.06,72.19,302.19,329.4,39.61
3.21,72.47,217.51,0.06,50.83,60.63,333.41,258.25,39.52
3.48,65.45,186.01,0.08,86.85,85.42,300.75,296.35,44.11
3.28,67.86,251.07,0.13,53.62,34.97,260.99,311.49,42.32
3.01,67.36,239.91,0.14,39.82,84.47,331.45,331.46,37.51
3.49,69.47,235.9,0.12,66.43,62.3,323.4,314.25,39.73
3.06,74.41,216.79,0.09,67.62,40.03,338.17,321.43,37.63
3.26,62.12,189.76,0.08,43.04,48.52,322.83,319.47,42.51
3.23,64.33,208.21,0.03,52.69,31.32,308.74,266.62,43.2
3.31,64.45,214.03,0.06,93.18,96.06,314.51,293.65,41.8
3.18,72.26,192.44,0.14,36.95,78.83,258.57,340.43,42.58
3.33,73.06,220.48,0.03,55.07,44.73,264.75,320.71,41.39
3.16,72.16,183.65,0.06,32.69,69.91,292.62,310.23,42.69
3.33,71.64,170.39,0.07,63.23,62.64,275.15,309.27,44.95
3.1,78.99,184.25,0.1,30.95,87.47,261.89,309.21,42.68
3.49,61.11,212.58,0.07,31.4,81.75,256.68,292.9,45.19
3.14,79.59,154.42,0.06,63.66,50.73,263.84,315.13,45.25
3.28,77.3,171.85,0.08,94.17,66.63,261.6,336.05,40.61
3.07,72.94,225.96,0.13,48.53,50.26,269.64,288.95,41.87
3.29,71.06,142.41,0.03,55.89,88.03,253.57,266.33,48.85
3.34,71.39,172.4,0.11,50.19,81.46,339.75,292.15,37.64
3.12,75.12,209.14,0.07,92.72,71.44,304.65,310.65,40.12
3.35,62.32,175.69,0.12,58.83,86.97,288.84,313.94,45.18
3.44,65,209.75,0.05,97.58,91.72,315.48,306.11,41.28
3.36,73.19,200.16,0.08,46.14,96.93,311.11,288.69,41.32
3.77,71.86,225.82,0.13,90.06,72.19,302.19,329.4,39.96
3.71,72.47,217.51,0.06,50.83,60.63,333.41,258.25,40.31
3.98,65.45,186.01,0.08,86.85,85.42,300.75,296.35,44.75
3.78,67.86,251.07,0.13,53.62,34.97,260.99,311.49,42.84
3.51,67.36,239.91,0.14,39.82,84.47,331.45,331.46,37.91
3.99,69.47,235.9,0.12,66.43,62.3,323.4,314.25,40.21
3.56,74.41,216.79,0.09,67.62,40.03,338.17,321.43,38.14
3.76,62.12,189.76,0.08,43.04,48.52,322.83,319.47,43.02
3.81,64.45,214.03,0.06,93.18,96.06,314.51,293.65,42.46
3.68,72.26,192.44,0.14,36.95,78.83,258.57,340.43,43.09
3.83,73.06,220.48,0.03,55.07,44.73,264.75,320.71,42.14
3.66,72.16,183.65,0.06,32.69,69.91,292.62,310.23,43.47
3.83,71.64,170.39,0.07,63.23,62.64,275.15,309.27,45.65
3.58,66.76,153.25,0.1,52.2,75.94,265.59,323.2,47.11
3.6,78.99,184.25,0.1,30.95,87.47,261.89,309.21,43.39
3.99,61.11,212.58,0.07,31.4,81.75,256.68,292.9,45.9
3.64,79.59,154.42,0.06,63.66,50.73,263.84,315.13,46.06
3.66,77.61,189.71,0.14,45.18,34.49,315.47,304.02,41.62
3.78,77.3,171.85,0.08,94.17,66.63,261.6,336.05,40.82
3.79,61.66,251.52,0.05,30.65,52.3,313.22,328.96,40.85
3.79,71.06,142.41,0.03,55.89,88.03,253.57,266.33,50.05
3.84,71.39,172.4,0.11,50.19,81.46,339.75,292.15,38.23
3.62,75.12,209.14,0.07,92.72,71.44,304.65,310.65,40.87
3.61,77.83,254.33,0.11,61.44,61.3,329.33,341.22,35.51
3.85,62.32,175.69,0.12,58.83,86.97,288.84,313.94,45.73
3.94,65,209.75,0.05,97.58,91.72,315.48,306.11,41.97
3.86,73.19,200.16,0.08,46.14,96.93,311.11,288.69,41.98
3.71,72.38,212.77,0.08,62.91,31.34,280.29,317.6,42.31
3.83,65.76,174.81,0.06,82.44,73.26,291.74,332.21,42.59
3.57,62.06,175.79,0.02,54.78,69.9,306.33,302.81,46.37
0.32,71.86,225.82,0.13,90.06,72.19,302.19,329.4,44.26
0.27,72.47,217.51,0.06,50.83,60.63,333.41,258.25,42.81
0.49,65.45,186.01,0.08,86.85,85.42,300.75,296.35,40.84
0.33,67.86,251.07,0.13,53.62,34.97,260.99,311.49,44.74
0.11,67.36,239.91,0.14,39.82,84.47,331.45,331.46,47.83
0.49,69.47,235.9,0.12,66.43,62.3,323.4,314.25,39.52
0.15,74.41,216.79,0.09,67.62,40.03,338.17,321.43,43.25
0.31,62.12,189.76,0.08,43.04,48.52,322.83,319.47,41.87
0.28,64.33,208.21,0.03,52.69,31.32,308.74,266.62,35.5
0.34,64.45,214.03,0.06,93.18,96.06,314.51,293.65,41.35
0.24,72.26,192.44,0.14,36.95,78.83,258.57,340.43,49.74
0.37,73.06,220.48,0.03,55.07,44.73,264.75,320.71,34.53
0.23,72.16,183.65,0.06,32.69,69.91,292.62,310.23,48.11
0.5,79.18,152.25,0.1,74.45,44.62,267.67,342.73,42.11
0.36,71.64,170.39,0.07,63.23,62.64,275.15,309.27,43.31
0.16,66.76,153.25,0.1,52.2,75.94,265.59,323.2,54.38
0.18,78.99,184.25,0.1,30.95,87.47,261.89,309.21,52.54
0.44,73.47,151.53,0.15,91.47,98.35,295.33,299.02,43.66
0.49,61.11,212.58,0.07,31.4,81.75,256.68,292.9,42.08
0.21,79.59,154.42,0.06,63.66,50.73,263.84,315.13,54.35
0.77,71.86,225.82,0.13,90.06,72.19,302.19,329.4,38.68
0.71,72.47,217.51,0.06,50.83,60.63,333.41,258.25,36.52
0.98,65.45,186.01,0.08,86.85,85.42,300.75,296.35,40.21
0.51,67.36,239.91,0.14,39.82,84.47,331.45,331.46,38.14
0.99,69.47,235.9,0.12,66.43,62.3,323.4,314.25,37.62
0.56,74.41,216.79,0.09,67.62,40.03,338.17,321.43,37.07
0.76,62.12,189.76,0.08,43.04,48.52,322.83,319.47,39.23
0.73,64.33,208.21,0.03,52.69,31.32,308.74,266.62,35.48
0.81,64.45,214.03,0.06,93.18,96.06,314.51,293.65,38.3
0.83,73.06,220.48,0.03,55.07,44.73,264.75,320.71,34.93
0.66,72.16,183.65,0.06,32.69,69.91,292.62,310.23,39.58
0.99,79.18,152.25,0.1,74.45,44.62,267.67,342.73,40.65
0.83,71.64,170.39,0.07,63.23,62.64,275.15,309.27,40.84
0.58,66.76,153.25,0.1,52.2,75.94,265.59,323.2,43.94
0.92,73.47,151.53,0.15,91.47,98.35,295.33,299.02,41.89
0.99,61.11,212.58,0.07,31.4,81.75,256.68,292.9,41.53
0.66,77.61,189.71,0.14,45.18,34.49,315.47,304.02,39.48
0.78,77.3,171.85,0.08,94.17,66.63,261.6,336.05,39.57
0.57,72.94,225.96,0.13,48.53,50.26,269.64,288.95,41.24
0.79,71.06,142.41,0.03,55.89,88.03,253.57,266.33,42.77
1.27,91.86,225.82,0.13,90.06,72.19,302.19,329.4,34.91
1.21,92.47,217.51,0.06,50.83,60.63,333.41,258.25,33.1
1.48,85.45,186.01,0.08,86.85,85.42,300.75,296.35,37.56
1.01,87.36,239.91,0.14,39.82,84.47,331.45,331.46,33.79
1.49,89.47,235.9,0.12,66.43,62.3,323.4,314.25,34.49
1.06,94.41,216.79,0.09,67.62,40.03,338.17,321.43,33.21
1.26,82.12,189.76,0.08,43.04,48.52,322.83,319.47,36.3
1.23,84.33,208.21,0.03,52.69,31.32,308.74,266.62,32.47
1.31,84.45,214.03,0.06,93.18,96.06,314.51,293.65,35.08
1.18,92.26,192.44,0.14,36.95,78.83,258.57,340.43,37.77
1.33,93.06,220.48,0.03,55.07,44.73,264.75,320.71,32.04
1.16,92.16,183.65,0.06,32.69,69.91,292.62,310.23,36.33
1.49,99.18,152.25,0.1,74.45,44.62,267.67,342.73,38.15
1.1,98.99,184.25,0.1,30.95,87.47,261.89,309.21,37.45
1.42,93.47,151.53,0.15,91.47,98.35,295.33,299.02,39.68
1.14,99.59,154.42,0.06,63.66,50.73,263.84,315.13,39
1.16,97.61,189.71,0.14,45.18,34.49,315.47,304.02,36.01
1.28,97.3,171.85,0.08,94.17,66.63,261.6,336.05,36.88
1.29,81.66,251.52,0.05,30.65,52.3,313.22,328.96,34.02
1.12,95.12,209.14,0.07,92.72,71.44,304.65,310.65,34.34
1.11,97.83,254.33,0.11,61.44,61.3,329.33,341.22,31.52
1.35,82.32,175.69,0.12,58.83,86.97,288.84,313.94,39.38
1.44,85,209.75,0.05,97.58,91.72,315.48,306.11,34.89
1.36,93.19,200.16,0.08,46.14,96.93,311.11,288.69,35.12
1.21,92.38,212.77,0.08,62.91,31.34,280.29,317.6,35.49
0.78,87.86,251.07,0.13,53.62,34.97,260.99,311.49,37.82
0.51,87.36,239.91,0.14,39.82,84.47,331.45,331.46,36.28
0.99,89.47,235.9,0.12,66.43,62.3,323.4,314.25,34.84
0.56,94.41,216.79,0.09,67.62,40.03,338.17,321.43,35.37
0.76,82.12,189.76,0.08,43.04,48.52,322.83,319.47,36.71
0.73,84.33,208.21,0.03,52.69,31.32,308.74,266.62,31.26
0.81,84.45,214.03,0.06,93.18,96.06,314.51,293.65,35.78
0.68,92.26,192.44,0.14,36.95,78.83,258.57,340.43,39.2
0.83,93.06,220.48,0.03,55.07,44.73,264.75,320.71,30.9
0.66,92.16,183.65,0.06,32.69,69.91,292.62,310.23,37.21
0.99,99.18,152.25,0.1,74.45,44.62,267.67,342.73,38.48
0.58,86.76,153.25,0.1,52.2,75.94,265.59,323.2,42.1
0.6,98.99,184.25,0.1,30.95,87.47,261.89,309.21,39.48
0.99,81.11,212.58,0.07,31.4,81.75,256.68,292.9,38.17
0.66,97.61,189.71,0.14,45.18,34.49,315.47,304.02,37.6
0.79,91.06,142.41,0.03,55.89,88.03,253.57,266.33,39.2
0.62,95.12,209.14,0.07,92.72,71.44,304.65,310.65,36.05
0.61,97.83,254.33,0.11,61.44,61.3,329.33,341.22,34.21
0.85,82.32,175.69,0.12,58.83,86.97,288.84,313.94,39.41
0.57,82.06,175.79,0.02,54.78,69.9,306.33,302.81,34.16
0.9,90.74,224.47,0.07,36.97,37.02,335.9,284.86,34.19
0.58,90.17,213.87,0.03,84.53,38.67,329.47,330.99,31.04
0.67,98.88,251.37,0.1,71.77,79.31,256.02,323.68,36.62
0.97,85.35,213.68,0.11,90.5,67.49,306.24,320.73,36.14
0.87,99.29,177.43,0.09,44.87,57.88,272.04,273.17,37.84
0.32,91.86,225.82,0.13,90.06,72.19,302.19,329.4,44
0.27,92.47,217.51,0.06,50.83,60.63,333.41,258.25,40.76
0.49,85.45,186.01,0.08,86.85,85.42,300.75,296.35,39.35
0.33,87.86,251.07,0.13,53.62,34.97,260.99,311.49,45.72
0.11,87.36,239.91,0.14,39.82,84.47,331.45,331.46,47.81
0.49,89.47,235.9,0.12,66.43,62.3,323.4,314.25,37.75
0.15,94.41,216.79,0.09,67.62,40.03,338.17,321.43,44.31
0.28,84.33,208.21,0.03,52.69,31.32,308.74,266.62,51.57
0.24,92.26,192.44,0.14,36.95,78.83,258.57,340.43,50.21
0.37,93.06,220.48,0.03,55.07,44.73,264.75,320.71,36.82
0.23,92.16,183.65,0.06,32.69,69.91,292.62,310.23,46.94
0.5,99.18,152.25,0.1,74.45,44.62,267.67,342.73,41.23
0.36,91.64,170.39,0.07,63.23,62.64,275.15,309.27,43.94
0.16,86.76,153.25,0.1,52.2,75.94,265.59,323.2,54.34
0.18,98.99,184.25,0.1,30.95,87.47,261.89,309.21,52.86
0.44,93.47,151.53,0.15,91.47,98.35,295.33,299.02,42.76
0.49,81.11,212.58,0.07,31.4,81.75,256.68,292.9,40.27
0.21,99.59,154.42,0.06,63.66,50.73,263.84,315.13,54.37
3.1,91.86,225.82,0.13,90.06,72.19,302.19,329.4,36.32
3.93,85.45,186.01,0.08,86.85,85.42,300.75,296.35,41.59
3.14,87.86,251.07,0.13,53.62,34.97,260.99,311.49,38.6
2.04,87.36,239.91,0.14,39.82,84.47,331.45,331.46,33.51
3.96,89.47,235.9,0.12,66.43,62.3,323.4,314.25,37.06
2.24,94.41,216.79,0.09,67.62,40.03,338.17,321.43,33.54
3.04,82.12,189.76,0.08,43.04,48.52,322.83,319.47,39.07
2.91,84.33,208.21,0.03,52.69,31.32,308.74,266.62,38.8
3.22,84.45,214.03,0.06,93.18,96.06,314.51,293.65,38.23
2.72,92.26,192.44,0.14,36.95,78.83,258.57,340.43,38.85
2.63,92.16,183.65,0.06,32.69,69.91,292.62,310.23,38.44
3.31,91.64,170.39,0.07,63.23,62.64,275.15,309.27,41.9
2.32,86.76,153.25,0.1,52.2,75.94,265.59,323.2,42.68
2.39,98.99,184.25,0.1,30.95,87.47,261.89,309.21,38.6
3.68,93.47,151.53,0.15,91.47,98.35,295.33,299.02,43.06
3.95,81.11,212.58,0.07,31.4,81.75,256.68,292.9,42.3
2.57,99.59,154.42,0.06,63.66,50.73,263.84,315.13,41.32
2.64,97.61,189.71,0.14,45.18,34.49,315.47,304.02,37.3
3.13,97.3,171.85,0.08,94.17,66.63,261.6,336.05,37.94
3.15,81.66,251.52,0.05,30.65,52.3,313.22,328.96,36.66
2.26,92.94,225.96,0.13,48.53,50.26,269.64,288.95,37.43
3.17,91.06,142.41,0.03,55.89,88.03,253.57,266.33,45.3
3.36,91.39,172.4,0.11,50.19,81.46,339.75,292.15,34.93
2.5,95.12,209.14,0.07,92.72,71.44,304.65,310.65,35.66
2.45,97.83,254.33,0.11,61.44,61.3,329.33,341.22,31.34
3.4,82.32,175.69,0.12,58.83,86.97,288.84,313.94,42.24
3.76,85,209.75,0.05,97.58,91.72,315.48,306.11,38.32
3.32,85.76,174.81,0.06,82.44,73.26,291.74,332.21,39.55
2.27,82.06,175.79,0.02,54.78,69.9,306.33,302.81,38.52
3.15,80.67,218.38,0.15,52.47,75.65,291.98,273.06,40.44
3.79,82.83,184.11,0.02,98.88,60.51,333.42,276.58,41.1
3.43,89.38,259.86,0.13,93.33,40.46,331.28,256.53,36.91
2.32,90.17,213.87,0.03,84.53,38.67,329.47,330.99,31.38
3.61,88.23,208.29,0.03,32.33,58.5,259.38,341.58,37.64
3.39,87.47,194.43,0.07,33.54,80.54,331.12,286.04,37.32
0.32,91.86,225.82,0.13,90.06,72.19,302.19,329.4,44
0.27,92.47,217.51,0.06,50.83,60.63,333.41,258.25,40.76
0.49,85.45,186.01,0.08,86.85,85.42,300.75,296.35,39.35
0.33,87.86,251.07,0.13,53.62,34.97,260.99,311.49,45.72
0.11,87.36,239.91,0.14,39.82,84.47,331.45,331.46,47.81
3.1,91.86,225.82,0.13,90.06,72.19,302.19,329.4,36.32
3.93,85.45,186.01,0.08,86.85,85.42,300.75,296.35,41.59
3.14,87.86,251.07,0.13,53.62,34.97,260.99,311.49,38.6
2.04,87.36,239.91,0.14,39.82,84.47,331.45,331.46,33.51
3.96,89.47,235.9,0.12,66.43,62.3,323.4,314.25,37.06
2.24,94.41,216.79,0.09,67.62,40.03,338.17,321.43,33.54
3.04,82.12,189.76,0.08,43.04,48.52,322.83,319.47,39.07
2.91,84.33,208.21,0.03,52.69,31.32,308.74,266.62,38.8
3.22,84.45,214.03,0.06,93.18,96.06,314.51,293.65,38.23
2.72,92.26,192.44,0.14,36.95,78.83,258.57,340.43,38.85
2.63,92.16,183.65,0.06,32.69,69.91,292.62,310.23,38.44
3.31,91.64,170.39,0.07,63.23,62.64,275.15,309.27,41.9
2.32,86.76,153.25,0.1,52.2,75.94,265.59,323.2,42.68
2.39,98.99,184.25,0.1,30.95,87.47,261.89,309.21,38.6
3.68,93.47,151.53,0.15,91.47,98.35,295.33,299.02,43.06
3.95,81.11,212.58,0.07,31.4,81.75,256.68,292.9,42.3
2.57,99.59,154.42,0.06,63.66,50.73,263.84,315.13,41.32
2.64,97.61,189.71,0.14,45.18,34.49,315.47,304.02,37.3
3.13,97.3,171.85,0.08,94.17,66.63,261.6,336.05,37.94
3.15,81.66,251.52,0.05,30.65,52.3,313.22,328.96,36.66
2.26,92.94,225.96,0.13,48.53,50.26,269.64,288.95,37.43
3.17,91.06,142.41,0.03,55.89,88.03,253.57,266.33,45.3
3.36,91.39,172.4,0.11,50.19,81.46,339.75,292.15,34.93
2.5,95.12,209.14,0.07,92.72,71.44,304.65,310.65,35.66
2.45,97.83,254.33,0.11,61.44,61.3,329.33,341.22,31.34
0.95,80,190,0.14,70,70,343.15,343.15,29.7
